Workbook
Name GMP: Master!$E$1:$F$6
Name M_S3: Master!$A$15:$C$37
Name MasterData: Master!$A$1:$C$11

Sheet Cover_Info
A1: รายการ | B1: ข้อมูลที่ต้องกรอก
A2: ชื่อบริษัท
A3: รอบระยะเวลาที่รายงาน
A4: ขอบเขตการรายงาน
A5: วัตถุประสงค์

Sheet Utilities & Energy (Scope 1, 2)
A1: Date | B1: Activity Type | C1: Quantity | D1: Unit (Auto) | E1: Process/Department | F1: Source/Evidence2
D2: =IFERROR(VLOOKUP(B2, MasterData, 2, FALSE), "")
D3: =IFERROR(VLOOKUP(B3, MasterData, 2, FALSE), "")
D4: =IFERROR(VLOOKUP(B4, MasterData, 2, FALSE), "")
D5: =IFERROR(VLOOKUP(B5, MasterData, 2, FALSE), "")
D6: =IFERROR(VLOOKUP(B6, MasterData, 2, FALSE), "")
D7: =IFERROR(VLOOKUP(B7, MasterData, 2, FALSE), "")
D8: =IFERROR(VLOOKUP(B8, MasterData, 2, FALSE), "")
D9: =IFERROR(VLOOKUP(B9, MasterData, 2, FALSE), "")
D10: =IFERROR(VLOOKUP(B10, MasterData, 2, FALSE), "")
D11: =IFERROR(VLOOKUP(B11, MasterData, 2, FALSE), "")
D12: =IFERROR(VLOOKUP(B12, MasterData, 2, FALSE), "")
D13: =IFERROR(VLOOKUP(B13, MasterData, 2, FALSE), "")
... D500: =IFERROR(VLOOKUP(B500, MasterData, 2, FALSE), "")

Sheet Maintenance & Fugitive (Scope1)
A1: Equipment ID | B1: Refrigerant Type | C1: Filled Quantity (kg) | D1: GWP | E1: Maintenance Date
D2: =IFERROR(VLOOKUP(B2, GMP, 2, FALSE), "")
D3: =IFERROR(VLOOKUP(B3, GMP, 2, FALSE), "")
D4: =IFERROR(VLOOKUP(B4, GMP, 2, FALSE), "")
D5: =IFERROR(VLOOKUP(B5, GMP, 2, FALSE), "")
D6: =IFERROR(VLOOKUP(B6, GMP, 2, FALSE), "")
D7: =IFERROR(VLOOKUP(B7, GMP, 2, FALSE), "")
D8: =IFERROR(VLOOKUP(B8, GMP, 2, FALSE), "")
D9: =IFERROR(VLOOKUP(B9, GMP, 2, FALSE), "")
D10: =IFERROR(VLOOKUP(B10, GMP, 2, FALSE), "")
D11: =IFERROR(VLOOKUP(B11, GMP, 2, FALSE), "")
D12: =IFERROR(VLOOKUP(B12, GMP, 2, FALSE), "")
D13: =IFERROR(VLOOKUP(B13, GMP, 2, FALSE), "")
... D500: =IFERROR(VLOOKUP(B500, GMP, 2, FALSE), "")

Sheet Scope 3
A1: Activity Name | B1: Category | C1: Quantity | D1: Unit
B2: =IFERROR(VLOOKUP(A2, M_S3, 2, FALSE), "") | D2: =IFERROR(VLOOKUP(A2, M_S3, 3, FALSE), "")
B3: =IFERROR(VLOOKUP(A3, M_S3, 2, FALSE), "") | D3: =IFERROR(VLOOKUP(A3, M_S3, 3, FALSE), "")
B4: =IFERROR(VLOOKUP(A4, M_S3, 2, FALSE), "") | D4: =IFERROR(VLOOKUP(A4, M_S3, 3, FALSE), "")
B5: =IFERROR(VLOOKUP(A5, M_S3, 2, FALSE), "") | D5: =IFERROR(VLOOKUP(A5, M_S3, 3, FALSE), "")
B6: =IFERROR(VLOOKUP(A6, M_S3, 2, FALSE), "") | D6: =IFERROR(VLOOKUP(A6, M_S3, 3, FALSE), "")
B7: =IFERROR(VLOOKUP(A7, M_S3, 2, FALSE), "") | D7: =IFERROR(VLOOKUP(A7, M_S3, 3, FALSE), "")
B8: =IFERROR(VLOOKUP(A8, M_S3, 2, FALSE), "") | D8: =IFERROR(VLOOKUP(A8, M_S3, 3, FALSE), "") | I8: =IF('Production & Circular'!B6=0, "", 'Production & Circular'!B6 * (1 - 'Production & Circular'!D6))
B9: =IFERROR(VLOOKUP(A9, M_S3, 2, FALSE), "") | D9: =IFERROR(VLOOKUP(A9, M_S3, 3, FALSE), "") | I9: =IF('Production & Circular'!B7=0, "", 'Production & Circular'!B7 * (1 - 'Production & Circular'!D7))
B10: =IFERROR(VLOOKUP(A10, M_S3, 2, FALSE), "") | D10: =IFERROR(VLOOKUP(A10, M_S3, 3, FALSE), "") | I10: =IF('Production & Circular'!B8=0, "", 'Production & Circular'!B8 * (1 - 'Production & Circular'!D8))
B11: =IFERROR(VLOOKUP(A11, M_S3, 2, FALSE), "") | D11: =IFERROR(VLOOKUP(A11, M_S3, 3, FALSE), "") | I11: =IF('Production & Circular'!B9=0, "", 'Production & Circular'!B9 * (1 - 'Production & Circular'!D9))
B12: =IFERROR(VLOOKUP(A12, M_S3, 2, FALSE), "") | D12: =IFERROR(VLOOKUP(A12, M_S3, 3, FALSE), "") | I12: =IF('Production & Circular'!B10=0, "", 'Production & Circular'!B10 * (1 - 'Production & Circular'!D10))
B13: =IFERROR(VLOOKUP(A13, M_S3, 2, FALSE), "") | D13: =IFERROR(VLOOKUP(A13, M_S3, 3, FALSE), "") | I13: =IF('Production & Circular'!B11=0, "", 'Production & Circular'!B11 * (1 - 'Production & Circular'!D11))
B14: =IFERROR(VLOOKUP(A14, M_S3, 2, FALSE), "") | D14: =IFERROR(VLOOKUP(A14, M_S3, 3, FALSE), "") | I14: =IF('Production & Circular'!B12=0, "", 'Production & Circular'!B12 * (1 - 'Production & Circular'!D12))
B15: =IFERROR(VLOOKUP(A15, M_S3, 2, FALSE), "") | D15: =IFERROR(VLOOKUP(A15, M_S3, 3, FALSE), "") | I15: =IF('Production & Circular'!B13=0, "", 'Production & Circular'!B13 * (1 - 'Production & Circular'!D13))
B16: =IFERROR(VLOOKUP(A16, M_S3, 2, FALSE), "") | D16: =IFERROR(VLOOKUP(A16, M_S3, 3, FALSE), "") | I16: =IF('Production & Circular'!B14=0, "", 'Production & Circular'!B14 * (1 - 'Production & Circular'!D14))
B17: =IFERROR(VLOOKUP(A17, M_S3, 2, FALSE), "") | D17: =IFERROR(VLOOKUP(A17, M_S3, 3, FALSE), "") | I17: =IF('Production & Circular'!B15=0, "", 'Production & Circular'!B15 * (1 - 'Production & Circular'!D15))
B18: =IFERROR(VLOOKUP(A18, M_S3, 2, FALSE), "") | D18: =IFERROR(VLOOKUP(A18, M_S3, 3, FALSE), "") | I18: =IF('Production & Circular'!B16=0, "", 'Production & Circular'!B16 * (1 - 'Production & Circular'!D16))
B19: =IFERROR(VLOOKUP(A19, M_S3, 2, FALSE), "") | D19: =IFERROR(VLOOKUP(A19, M_S3, 3, FALSE), "") | I19: =IF('Production & Circular'!B17=0, "", 'Production & Circular'!B17 * (1 - 'Production & Circular'!D17))
... B500: =IFERROR(VLOOKUP(A500, M_S3, 2, FALSE), "") | D500: =IFERROR(VLOOKUP(A500, M_S3, 3, FALSE), "") | I500: =IF('Production & Circular'!B498=0, "", 'Production & Circular'!B498 * (1 - 'Production & Circular'!D498))

Sheet Production & Circular
A1: Product Name | B1: Total Output Mass (kg) | C1: Circular Feedstock Mass (kg) | D1: Process Yield (%) | E1: Net Circular Mass (kg) | F1: Circular Content (%) | G1: Feedstock Type | H1: Certification No.
A2: HDPE | B2: 1000 | C2: 200 | D2: 0.95 | E2: =IFERROR(Table5[[#This Row],[Circular Feedstock Mass (kg)]]*Table5[[#This Row],[Process Yield (%)]], " ") -> 190 | F2: =IFERROR(Table5[[#This Row],[Net Circular Mass (kg)]]/Table5[[#This Row],[Total Output Mass (kg)]], "") -> 0.19
A3: GPPS | B3: 2000 | C3: 100 | D3: 0.98 | E3: =IFERROR(Table5[[#This Row],[Circular Feedstock Mass (kg)]]*Table5[[#This Row],[Process Yield (%)]], " ") -> 98 | F3: =IFERROR(Table5[[#This Row],[Net Circular Mass (kg)]]/Table5[[#This Row],[Total Output Mass (kg)]], "") -> 0.049 | K3: Total Input Required | L3: {=SUM(B2:B500 / D2:D500)} -> #DIV/0!
E4: =IFERROR(Table5[[#This Row],[Circular Feedstock Mass (kg)]]*Table5[[#This Row],[Process Yield (%)]], " ") -> 0 | F4: =IFERROR(Table5[[#This Row],[Net Circular Mass (kg)]]/Table5[[#This Row],[Total Output Mass (kg)]], "") | K4: Total Process Waste | L4: {=SUM(B2:B500 * (1 - D2:D500))} -> 90
E5: =IFERROR(Table5[[#This Row],[Circular Feedstock Mass (kg)]]*Table5[[#This Row],[Process Yield (%)]], " ") -> 0 | F5: =IFERROR(Table5[[#This Row],[Net Circular Mass (kg)]]/Table5[[#This Row],[Total Output Mass (kg)]], "")
E6: =IFERROR(Table5[[#This Row],[Circular Feedstock Mass (kg)]]*Table5[[#This Row],[Process Yield (%)]], " ") -> 0 | F6: =IFERROR(Table5[[#This Row],[Net Circular Mass (kg)]]/Table5[[#This Row],[Total Output Mass (kg)]], "")
E7: =IFERROR(Table5[[#This Row],[Circular Feedstock Mass (kg)]]*Table5[[#This Row],[Process Yield (%)]], " ") -> 0 | F7: =IFERROR(Table5[[#This Row],[Net Circular Mass (kg)]]/Table5[[#This Row],[Total Output Mass (kg)]], "")
E8: =IFERROR(Table5[[#This Row],[Circular Feedstock Mass (kg)]]*Table5[[#This Row],[Process Yield (%)]], " ") -> 0 | F8: =IFERROR(Table5[[#This Row],[Net Circular Mass (kg)]]/Table5[[#This Row],[Total Output Mass (kg)]], "")
E9: =IFERROR(Table5[[#This Row],[Circular Feedstock Mass (kg)]]*Table5[[#This Row],[Process Yield (%)]], " ") -> 0 | F9: =IFERROR(Table5[[#This Row],[Net Circular Mass (kg)]]/Table5[[#This Row],[Total Output Mass (kg)]], "")
E10: =IFERROR(Table5[[#This Row],[Circular Feedstock Mass (kg)]]*Table5[[#This Row],[Process Yield (%)]], " ") -> 0 | F10: =IFERROR(Table5[[#This Row],[Net Circular Mass (kg)]]/Table5[[#This Row],[Total Output Mass (kg)]], "")
E11: =IFERROR(Table5[[#This Row],[Circular Feedstock Mass (kg)]]*Table5[[#This Row],[Process Yield (%)]], " ") -> 0 | F11: =IFERROR(Table5[[#This Row],[Net Circular Mass (kg)]]/Table5[[#This Row],[Total Output Mass (kg)]], "")
E12: =IFERROR(Table5[[#This Row],[Circular Feedstock Mass (kg)]]*Table5[[#This Row],[Process Yield (%)]], " ") -> 0 | F12: =IFERROR(Table5[[#This Row],[Net Circular Mass (kg)]]/Table5[[#This Row],[Total Output Mass (kg)]], "")
E13: =IFERROR(Table5[[#This Row],[Circular Feedstock Mass (kg)]]*Table5[[#This Row],[Process Yield (%)]], " ") -> 0 | F13: =IFERROR(Table5[[#This Row],[Net Circular Mass (kg)]]/Table5[[#This Row],[Total Output Mass (kg)]], "")
E14: =IFERROR(Table5[[#This Row],[Circular Feedstock Mass (kg)]]*Table5[[#This Row],[Process Yield (%)]], " ") -> 0 | F14: =IFERROR(Table5[[#This Row],[Net Circular Mass (kg)]]/Table5[[#This Row],[Total Output Mass (kg)]], "")
E15: =IFERROR(Table5[[#This Row],[Circular Feedstock Mass (kg)]]*Table5[[#This Row],[Process Yield (%)]], " ") -> 0 | F15: =IFERROR(Table5[[#This Row],[Net Circular Mass (kg)]]/Table5[[#This Row],[Total Output Mass (kg)]], "")
E16: =IFERROR(Table5[[#This Row],[Circular Feedstock Mass (kg)]]*Table5[[#This Row],[Process Yield (%)]], " ") -> 0 | F16: =IFERROR(Table5[[#This Row],[Net Circular Mass (kg)]]/Table5[[#This Row],[Total Output Mass (kg)]], "")
... E500: =IFERROR(Table5[[#This Row],[Circular Feedstock Mass (kg)]]*Table5[[#This Row],[Process Yield (%)]], " ") -> 0 | F500: =IFERROR(Table5[[#This Row],[Net Circular Mass (kg)]]/Table5[[#This Row],[Total Output Mass (kg)]], "")

Sheet Master
A1: Activity Type | B1: Unit (หน่วยแนะนำ) | C1: ประเภทพลังงาน | E1: สารทำความเย็น (Refrigerant) | F1: ค่า GWP (kgCO2​e/kg)
A2: Electricity | B2: kWh | C2: พลังงานไฟฟ้า | E2: R-32 | F2: 675
A3: Natural gas | B3: scf | C3: พลังงานก๊าซ | E3: R-134a | F3: 1430
A4: LPG | B4: kg | C4: พลังงานก๊าซ | E4: R-22 | F4: 1810
A5: Fuel oil A | B5: litre | C5: พลังงานของเหลว | E5: R-410A | F5: 2088
A6: Fuel oil C | B6: litre | C6: พลังงานของเหลว | E6: R-404A | F6: 3922
A7: Diesel (Gas/Diesel oil) | B7: litre | C7: พลังงานของเหลว
A8: Jet Kerosene | B8: litre | C8: พลังงานของเหลว
A9: Lignite | B9: kg | C9: พลังงานของแข็ง
A10: Anthracite | B10: kg | C10: พลังงานของแข็ง
A11: Sub-bituminous coal | B11: kg | C11: พลังงานของแข็ง
A15: Emission Source | B15: Category | C15: Units
A16: Municipal Solid Waste (ขยะมูลฝอยรวม) - ฝังกลบ | B16: Waste | C16: kg
A17: Food Waste (ขยะอาหาร) - ฝังกลบ | B17: Waste | C17: kg
A18: Plastic Waste (ขยะพลาสติก) - ฝังกลบ | B18: Waste | C18: kg
A19: Paper Waste (ขยะกระดาษ) - ฝังกลบ | B19: Waste | C19: kg
A20: Wood Waste (ขยะไม้) - ฝังกลบ | B20: Waste | C20: kg
A21: Wastewater (น้ำเสีย) - ระบบบำบัดแบบไม่ใช้อากาศ | B21: Waste | C21: m³
... A37: Corrugated Box (Recycled) - กล่องลูกฟูกรีไซเคิล | B37: Material (Recycled) | C37: kg
